eurekaka,26,moderate,1.000000,https://github.com/pingcap/tidb/issues/21822,https://github.com/pingcap/tidb/pull/21823,2020-12-23 09:04:01 +0000 UTC
eurekaka,26,moderate,1.000000,https://github.com/pingcap/tidb/issues/21841,https://github.com/pingcap/tidb/pull/21861,2020-12-22 11:16:57 +0000 UTC
eurekaka,26,critical,10.000000,https://github.com/pingcap/tidb/issues/13749,https://github.com/pingcap/tidb/pull/20544,2020-11-19 05:54:24 +0000 UTC
eurekaka,26,critical,10.000000,https://github.com/pingcap/tidb/issues/13749,https://github.com/pingcap/tidb/pull/21902,2020-12-22 08:43:26 +0000 UTC
eurekaka,26,major,3.000000,https://github.com/pingcap/tidb/issues/21215,https://github.com/pingcap/tidb/pull/21271,2020-12-22 08:22:00 +0000 UTC
eurekaka,26,moderate,1.000000,https://github.com/pingcap/tidb/issues/21516,https://github.com/pingcap/tidb/pull/21629,2020-12-17 19:51:36 +0000 UTC
eurekaka,26,minor,0.100000,https://github.com/pingcap/tidb/issues/21646,https://github.com/pingcap/tidb/pull/21855,2020-12-17 10:41:16 +0000 UTC
eurekaka,26,moderate,1.000000,https://github.com/pingcap/tidb/issues/21820,https://github.com/pingcap/parser/pull/1128,2020-12-17 10:39:23 +0000 UTC
eurekaka,26,moderate,1.000000,https://github.com/pingcap/tidb/issues/20795,https://github.com/pingcap/tidb/pull/21044,2020-12-03 08:57:57 +0000 UTC
eurekaka,26,major,3.000000,https://github.com/pingcap/tidb/issues/20471,https://github.com/pingcap/tidb/pull/20675,2020-12-03 07:18:38 +0000 UTC
eurekaka,26,major,3.000000,https://github.com/pingcap/tidb/issues/21288,https://github.com/pingcap/tidb/pull/21349,2020-12-03 07:12:05 +0000 UTC
eurekaka,26,major,3.000000,https://github.com/pingcap/tidb/issues/21140,https://github.com/pingcap/tidb/pull/21143,2020-12-03 03:02:18 +0000 UTC
eurekaka,26,moderate,1.000000,https://github.com/pingcap/tidb/issues/21102,https://github.com/pingcap/tidb/pull/21104,2020-11-30 09:30:00 +0000 UTC
eurekaka,26,moderate,1.000000,https://github.com/pingcap/tidb/issues/15972,https://github.com/pingcap/tidb/pull/21213,2020-11-30 08:35:44 +0000 UTC
eurekaka,26,critical,10.000000,https://github.com/pingcap/tidb/issues/20991,https://github.com/pingcap/tidb/pull/20992,2020-11-12 09:28:55 +0000 UTC
eurekaka,26,critical,10.000000,https://github.com/pingcap/tidb/issues/11872,https://github.com/pingcap/tidb/pull/18973,2020-11-17 09:03:43 +0000 UTC
eurekaka,26,critical,10.000000,https://github.com/pingcap/tidb/issues/11212,https://github.com/pingcap/tidb/pull/18973,2020-11-17 09:03:42 +0000 UTC
eurekaka,26,moderate,1.000000,https://github.com/pingcap/tidb/issues/16362,https://github.com/pingcap/tidb/pull/18973,2020-11-17 09:03:43 +0000 UTC
eurekaka,26,critical,10.000000,https://github.com/pingcap/tidb/issues/20403,https://github.com/pingcap/tidb/pull/19620,2020-11-12 09:16:33 +0000 UTC
eurekaka,26,major,3.000000,https://github.com/pingcap/tidb/issues/20192,https://github.com/pingcap/tidb/pull/19620,2020-11-12 09:16:33 +0000 UTC
eurekaka,26,critical,10.000000,https://github.com/pingcap/tidb/issues/13743,https://github.com/pingcap/tidb/pull/19620,2020-11-12 09:16:32 +0000 UTC
eurekaka,26,critical,10.000000,https://github.com/pingcap/tidb/issues/13389,https://github.com/pingcap/tidb/pull/19620,2020-11-12 09:16:32 +0000 UTC
eurekaka,26,major,3.000000,https://github.com/pingcap/tidb/issues/12074,https://github.com/pingcap/tidb/pull/19620,2020-11-12 09:16:32 +0000 UTC
eurekaka,26,critical,10.000000,https://github.com/pingcap/tidb/issues/8844,https://github.com/pingcap/tidb/pull/19620,2020-11-12 09:16:33 +0000 UTC
eurekaka,26,critical,10.000000,https://github.com/pingcap/tidb/issues/3773,https://github.com/pingcap/tidb/pull/19620,2020-11-12 09:16:32 +0000 UTC
eurekaka,26,major,3.000000,https://github.com/pingcap/tidb/issues/20254,https://github.com/pingcap/tidb/pull/20474,2020-10-29 07:08:43 +0000 UTC
wjhuang2016,24,moderate,1.000000,https://github.com/pingcap/tidb/issues/11648,https://github.com/pingcap/tidb/pull/21237,2020-12-25 03:44:00 +0000 UTC
wjhuang2016,24,moderate,1.000000,https://github.com/pingcap/tidb/issues/20563,https://github.com/pingcap/parser/pull/1129,2020-12-21 09:11:29 +0000 UTC
wjhuang2016,24,moderate,1.000000,https://github.com/pingcap/tidb/issues/19694,https://github.com/pingcap/tidb/pull/21854,2020-12-21 07:06:34 +0000 UTC
wjhuang2016,24,moderate,1.000000,https://github.com/pingcap/tidb/issues/21704,https://github.com/pingcap/tidb/pull/21705,2020-12-14 09:19:29 +0000 UTC
wjhuang2016,24,moderate,1.000000,https://github.com/pingcap/tidb/issues/17771,https://github.com/pingcap/tidb/pull/21666,2020-12-11 10:27:23 +0000 UTC
wjhuang2016,24,major,3.000000,https://github.com/pingcap/tidb/issues/12342,https://github.com/pingcap/tidb/pull/21600,2020-12-10 06:34:53 +0000 UTC
wjhuang2016,24,major,3.000000,https://github.com/pingcap/tidb/issues/20369,https://github.com/pingcap/tidb/pull/19787,2020-12-09 11:01:00 +0000 UTC
wjhuang2016,24,major,3.000000,https://github.com/pingcap/tidb/issues/12446,https://github.com/pingcap/tidb/pull/21591,2020-12-09 09:49:04 +0000 UTC
wjhuang2016,24,major,3.000000,https://github.com/pingcap/tidb/issues/20071,https://github.com/pingcap/tidb/pull/20478,2020-12-03 13:42:50 +0000 UTC
wjhuang2016,24,major,3.000000,https://github.com/pingcap/tidb/issues/21465,https://github.com/pingcap/tidb/pull/21468,2020-12-03 09:46:19 +0000 UTC
wjhuang2016,24,critical,10.000000,https://github.com/pingcap/tidb/issues/21445,https://github.com/pingcap/tidb/pull/21458,2020-12-03 09:30:49 +0000 UTC
wjhuang2016,24,moderate,1.000000,https://github.com/pingcap/tidb/issues/14116,https://github.com/pingcap/tidb/pull/21413,2020-12-01 11:46:49 +0000 UTC
wjhuang2016,24,moderate,1.000000,https://github.com/pingcap/tidb/issues/20320,https://github.com/pingcap/tidb/pull/21419,2020-12-01 11:25:43 +0000 UTC
wjhuang2016,24,major,3.000000,https://github.com/pingcap/tidb/issues/20876,https://github.com/pingcap/tidb/pull/21379,2020-12-01 06:08:42 +0000 UTC
wjhuang2016,24,moderate,1.000000,https://github.com/pingcap/tidb/issues/11425,https://github.com/pingcap/tidb/pull/21392,2020-12-01 06:27:19 +0000 UTC
wjhuang2016,24,critical,10.000000,https://github.com/pingcap/tidb/issues/20723,https://github.com/pingcap/tidb/pull/21201,2020-11-23 09:34:54 +0000 UTC
wjhuang2016,24,major,3.000000,https://github.com/pingcap/tidb/issues/19701,https://github.com/pingcap/tidb/pull/21027,2020-11-13 11:47:43 +0000 UTC
wjhuang2016,24,critical,10.000000,https://github.com/pingcap/tidb/issues/20881,https://github.com/pingcap/tidb/pull/20934,2020-11-12 07:18:16 +0000 UTC
wjhuang2016,24,major,3.000000,https://github.com/pingcap/tidb/issues/10492,https://github.com/pingcap/tidb/pull/20855,2020-11-06 04:06:33 +0000 UTC
wjhuang2016,24,major,3.000000,https://github.com/pingcap/tidb/issues/11327,https://github.com/pingcap/tidb/pull/21162,2020-11-21 13:07:55 +0000 UTC
wjhuang2016,24,critical,10.000000,https://github.com/pingcap/tidb/issues/18680,https://github.com/tikv/tikv/pull/9052,2020-11-20 09:23:55 +0000 UTC
wjhuang2016,24,major,3.000000,https://github.com/pingcap/tidb/issues/20449,https://github.com/pingcap/tidb/pull/20867,2020-11-19 08:20:34 +0000 UTC
wjhuang2016,24,critical,10.000000,https://github.com/pingcap/tidb/issues/20856,https://github.com/pingcap/tidb/pull/20934,2020-11-12 07:18:16 +0000 UTC
wjhuang2016,24,major,3.000000,https://github.com/pingcap/tidb/issues/20801,https://github.com/pingcap/tidb/pull/20807,2020-11-04 07:58:35 +0000 UTC
lzmhhh123,19,moderate,1.000000,https://github.com/pingcap/tidb/issues/6712,https://github.com/pingcap/tidb/pull/21922,2020-12-23 03:26:07 +0000 UTC
lzmhhh123,19,moderate,1.000000,https://github.com/pingcap/tidb/issues/14340,https://github.com/pingcap/tidb/pull/21879,2020-12-21 08:21:31 +0000 UTC
lzmhhh123,19,major,3.000000,https://github.com/pingcap/tidb/issues/11206,https://github.com/pingcap/tidb/pull/21818,2020-12-17 05:44:06 +0000 UTC
lzmhhh123,19,major,3.000000,https://github.com/pingcap/tidb/issues/10461,https://github.com/pingcap/tidb/pull/21709,2020-12-15 04:12:56 +0000 UTC
lzmhhh123,19,major,3.000000,https://github.com/pingcap/tidb/issues/10460,https://github.com/pingcap/tidb/pull/21703,2020-12-14 09:55:55 +0000 UTC
lzmhhh123,19,major,3.000000,https://github.com/pingcap/tidb/issues/9716,https://github.com/pingcap/tidb/pull/21601,2020-12-11 09:13:22 +0000 UTC
lzmhhh123,19,critical,10.000000,https://github.com/pingcap/tidb/issues/14266,https://github.com/pingcap/tidb/pull/21660,2020-12-11 07:37:17 +0000 UTC
lzmhhh123,19,major,3.000000,https://github.com/pingcap/tidb/issues/13953,https://github.com/pingcap/tidb/pull/21495,2020-12-09 11:54:44 +0000 UTC
lzmhhh123,19,major,3.000000,https://github.com/pingcap/tidb/issues/5817,https://github.com/pingcap/tidb/pull/21554,2020-12-09 06:27:18 +0000 UTC
lzmhhh123,19,major,3.000000,https://github.com/pingcap/tidb/issues/11178,https://github.com/pingcap/tidb/pull/21220,2020-12-07 06:13:44 +0000 UTC
lzmhhh123,19,major,3.000000,https://github.com/pingcap/tidb/issues/9728,https://github.com/pingcap/tidb/pull/21220,2020-12-07 06:13:43 +0000 UTC
lzmhhh123,19,major,3.000000,https://github.com/pingcap/tidb/issues/20467,https://github.com/pingcap/tidb/pull/21411,2020-12-03 10:05:49 +0000 UTC
lzmhhh123,19,major,3.000000,https://github.com/pingcap/tidb/issues/17817,https://github.com/pingcap/tidb/pull/21328,2020-12-02 04:18:49 +0000 UTC
lzmhhh123,19,critical,10.000000,https://github.com/pingcap/tidb/issues/20710,https://github.com/pingcap/tidb/pull/21138,2020-11-19 09:17:54 +0000 UTC
lzmhhh123,19,major,3.000000,https://github.com/pingcap/tidb/issues/19907,https://github.com/pingcap/tidb/pull/20926,2020-11-11 06:10:35 +0000 UTC
lzmhhh123,19,critical,10.000000,https://github.com/pingcap/tidb/issues/20571,https://github.com/pingcap/tidb/pull/20581,2020-11-10 06:25:19 +0000 UTC
lzmhhh123,19,critical,10.000000,https://github.com/pingcap/tidb/issues/20953,https://github.com/pingcap/tidb/pull/20581,2020-11-10 06:25:19 +0000 UTC
lzmhhh123,19,critical,10.000000,https://github.com/pingcap/tidb/issues/20549,https://github.com/pingcap/tidb/pull/20551,2020-11-05 06:21:35 +0000 UTC
lzmhhh123,19,major,3.000000,https://github.com/pingcap/tidb/issues/20768,https://github.com/pingcap/tidb/pull/20824,2020-11-04 08:12:02 +0000 UTC
xiongjiwei,17,critical,10.000000,https://github.com/pingcap/tidb/issues/21892,https://github.com/pingcap/tidb/pull/21893,2020-12-23 02:53:31 +0000 UTC
xiongjiwei,17,major,3.000000,https://github.com/pingcap/tidb/issues/21677,https://github.com/pingcap/tidb/pull/21908,2020-12-24 03:48:33 +0000 UTC
xiongjiwei,17,major,3.000000,https://github.com/pingcap/tidb/issues/21586,https://github.com/pingcap/tidb/pull/21609,2020-12-18 07:59:25 +0000 UTC
xiongjiwei,17,moderate,1.000000,https://github.com/pingcap/tidb/issues/20677,https://github.com/pingcap/tidb/pull/21570,2020-12-10 11:27:53 +0000 UTC
xiongjiwei,17,moderate,1.000000,https://github.com/pingcap/tidb/issues/21194,https://github.com/pingcap/tidb/pull/21179,2020-12-10 07:33:23 +0000 UTC
xiongjiwei,17,critical,10.000000,https://github.com/pingcap/tidb/issues/21308,https://github.com/pingcap/tidb/pull/21309,2020-12-08 06:10:49 +0000 UTC
xiongjiwei,17,major,3.000000,https://github.com/pingcap/tidb/issues/11177,https://github.com/pingcap/tidb/pull/19820,2020-12-04 10:59:49 +0000 UTC
xiongjiwei,17,critical,10.000000,https://github.com/pingcap/tidb/issues/20608,https://github.com/pingcap/tidb/pull/20610,2020-11-04 05:25:53 +0000 UTC
xiongjiwei,17,critical,10.000000,https://github.com/pingcap/tidb/issues/21290,https://github.com/pingcap/tidb/pull/21293,2020-12-01 04:14:18 +0000 UTC
xiongjiwei,17,moderate,1.000000,https://github.com/pingcap/tidb/issues/20978,https://github.com/pingcap/tidb/pull/21325,2020-11-30 03:12:01 +0000 UTC
xiongjiwei,17,critical,10.000000,https://github.com/pingcap/tidb/issues/21227,https://github.com/pingcap/tidb/pull/21226,2020-11-25 03:46:37 +0000 UTC
xiongjiwei,17,critical,10.000000,https://github.com/pingcap/tidb/issues/21225,https://github.com/pingcap/tidb/pull/21226,2020-11-25 03:46:37 +0000 UTC
xiongjiwei,17,critical,10.000000,https://github.com/pingcap/tidb/issues/21131,https://github.com/pingcap/tidb/pull/21210,2020-11-24 11:53:55 +0000 UTC
xiongjiwei,17,critical,10.000000,https://github.com/pingcap/tidb/issues/20879,https://github.com/pingcap/tidb/pull/20937,2020-11-21 01:53:54 +0000 UTC
xiongjiwei,17,major,3.000000,https://github.com/pingcap/tidb/issues/20209,https://github.com/pingcap/tidb/pull/21034,2020-11-16 11:03:27 +0000 UTC
xiongjiwei,17,major,3.000000,https://github.com/pingcap/tidb/issues/11435,https://github.com/pingcap/tidb/pull/20849,2020-11-11 12:18:18 +0000 UTC
xiongjiwei,17,moderate,1.000000,https://github.com/pingcap/tidb/issues/20327,https://github.com/pingcap/tidb/pull/20347,2020-11-03 07:56:54 +0000 UTC
dyzsr,13,major,3.000000,https://github.com/pingcap/tidb/issues/12356,https://github.com/pingcap/tidb/pull/21083,2020-12-23 10:14:31 +0000 UTC
dyzsr,13,critical,10.000000,https://github.com/pingcap/tidb/issues/18350,https://github.com/pingcap/tidb/pull/21431,2020-12-18 06:51:36 +0000 UTC
dyzsr,13,moderate,1.000000,https://github.com/pingcap/tidb/issues/17748,https://github.com/pingcap/tidb/pull/21431,2020-12-18 06:51:36 +0000 UTC
dyzsr,13,major,3.000000,https://github.com/pingcap/tidb/issues/9995,https://github.com/pingcap/tidb/pull/21779,2020-12-16 08:53:36 +0000 UTC
dyzsr,13,major,3.000000,https://github.com/pingcap/tidb/issues/21112,https://github.com/pingcap/tidb/pull/21216,2020-12-14 06:33:18 +0000 UTC
dyzsr,13,major,3.000000,https://github.com/pingcap/tidb/issues/12442,https://github.com/pingcap/tidb/pull/21286,2020-12-11 10:07:54 +0000 UTC
dyzsr,13,major,3.000000,https://github.com/pingcap/tidb/issues/19137,https://github.com/pingcap/tidb/pull/20493,2020-12-10 07:48:03 +0000 UTC
dyzsr,13,critical,10.000000,https://github.com/pingcap/tidb/issues/11911,https://github.com/pingcap/tidb/pull/20493,2020-12-10 07:48:03 +0000 UTC
dyzsr,13,major,3.000000,https://github.com/pingcap/tidb/issues/10462,https://github.com/pingcap/tidb/pull/20706,2020-12-07 09:22:49 +0000 UTC
dyzsr,13,major,3.000000,https://github.com/pingcap/tidb/issues/20295,https://github.com/pingcap/tidb/pull/20836,2020-12-03 10:39:49 +0000 UTC
dyzsr,13,major,3.000000,https://github.com/pingcap/tidb/issues/20598,https://github.com/pingcap/tidb/pull/21460,2020-12-03 06:43:20 +0000 UTC
dyzsr,13,major,3.000000,https://github.com/pingcap/tidb/issues/20594,https://github.com/pingcap/tidb/pull/20603,2020-11-17 10:33:54 +0000 UTC
dyzsr,13,major,3.000000,https://github.com/pingcap/tidb/issues/20101,https://github.com/pingcap/tidb/pull/20338,2020-11-06 09:14:55 +0000 UTC
TszKitLo40,13,minor,0.100000,https://github.com/pingcap/tidb/issues/21965,https://github.com/pingcap/tidb/pull/21984,2020-12-30 08:44:14 +0000 UTC
TszKitLo40,13,moderate,1.000000,https://github.com/pingcap/tidb/issues/21835,https://github.com/pingcap/tidb/pull/21845,2020-12-29 08:06:55 +0000 UTC
TszKitLo40,13,moderate,1.000000,https://github.com/pingcap/tidb/issues/22028,https://github.com/pingcap/tidb/pull/22039,2020-12-29 07:41:11 +0000 UTC
TszKitLo40,13,moderate,1.000000,https://github.com/pingcap/tidb/issues/21943,https://github.com/pingcap/tidb/pull/21953,2020-12-24 08:09:31 +0000 UTC
TszKitLo40,13,minor,0.100000,https://github.com/pingcap/tidb/issues/21944,https://github.com/pingcap/tidb/pull/21948,2020-12-23 12:09:01 +0000 UTC
TszKitLo40,13,moderate,1.000000,https://github.com/pingcap/tidb/issues/15563,https://github.com/pingcap/tidb/pull/21783,2020-12-18 08:29:36 +0000 UTC
TszKitLo40,13,major,3.000000,https://github.com/pingcap/tidb/issues/20995,https://github.com/pingcap/tidb/pull/21652,2020-12-11 08:47:53 +0000 UTC
TszKitLo40,13,moderate,1.000000,https://github.com/pingcap/tidb/issues/16939,https://github.com/pingcap/tidb/pull/21648,2020-12-11 06:26:52 +0000 UTC
TszKitLo40,13,moderate,1.000000,https://github.com/pingcap/tidb/issues/21574,https://github.com/pingcap/tidb/pull/21588,2020-12-10 08:47:22 +0000 UTC
TszKitLo40,13,major,3.000000,https://github.com/pingcap/tidb/issues/20928,https://github.com/pingcap/tidb/pull/20959,2020-11-23 07:43:15 +0000 UTC
TszKitLo40,13,major,3.000000,https://github.com/pingcap/tidb/issues/20840,https://github.com/pingcap/tidb/pull/20858,2020-11-11 11:38:24 +0000 UTC
TszKitLo40,13,moderate,1.000000,https://github.com/pingcap/tidb/issues/20751,https://github.com/pingcap/tidb/pull/20813,2020-11-05 06:08:02 +0000 UTC
TszKitLo40,13,major,3.000000,https://github.com/pingcap/tidb/issues/20724,https://github.com/pingcap/tidb/pull/20786,2020-11-04 09:07:17 +0000 UTC
XuHuaiyu,11,critical,10.000000,https://github.com/pingcap/tidb/issues/20710,https://github.com/pingcap/tidb/pull/20761,2020-11-16 08:24:52 +0000 UTC
XuHuaiyu,11,major,3.000000,https://github.com/pingcap/tidb/issues/19975,https://github.com/pingcap/tidb/pull/21090,2020-11-19 03:27:54 +0000 UTC
XuHuaiyu,11,major,3.000000,https://github.com/pingcap/tidb/issues/18992,https://github.com/pingcap/tidb/pull/21085,2020-11-17 07:36:57 +0000 UTC
XuHuaiyu,11,major,3.000000,https://github.com/pingcap/tidb/issues/20219,https://github.com/pingcap/tidb/pull/21048,2020-11-16 06:51:28 +0000 UTC
XuHuaiyu,11,major,3.000000,https://github.com/pingcap/tidb/issues/10448,https://github.com/pingcap/tidb/pull/21042,2020-11-16 03:42:28 +0000 UTC
XuHuaiyu,11,critical,10.000000,https://github.com/pingcap/tidb/issues/20477,https://github.com/pingcap/tidb/pull/20977,2020-11-12 10:03:59 +0000 UTC
XuHuaiyu,11,major,3.000000,https://github.com/pingcap/tidb/issues/20441,https://github.com/pingcap/tidb/pull/20977,2020-11-12 10:04:00 +0000 UTC
XuHuaiyu,11,major,3.000000,https://github.com/pingcap/tidb/issues/20476,https://github.com/pingcap/tidb/pull/20977,2020-11-12 10:04:00 +0000 UTC
XuHuaiyu,11,critical,10.000000,https://github.com/pingcap/tidb/issues/20958,https://github.com/pingcap/tidb/pull/20977,2020-11-12 10:04:00 +0000 UTC
XuHuaiyu,11,moderate,1.000000,https://github.com/pingcap/tidb/issues/15844,https://github.com/pingcap/tidb/pull/20977,2020-11-12 10:04:00 +0000 UTC
XuHuaiyu,11,major,3.000000,https://github.com/pingcap/tidb/issues/20779,https://github.com/pingcap/tidb/pull/20780,2020-11-03 05:59:21 +0000 UTC
blacktear23,10,moderate,1.000000,https://github.com/pingcap/tidb/issues/22034,https://github.com/pingcap/tidb/pull/22036,2020-12-29 06:35:14 +0000 UTC
blacktear23,10,major,3.000000,https://github.com/pingcap/tidb/issues/21082,https://github.com/pingcap/tidb/pull/21110,2020-12-09 07:56:07 +0000 UTC
blacktear23,10,major,3.000000,https://github.com/pingcap/tidb/issues/20732,https://github.com/pingcap/tidb/pull/20789,2020-12-02 12:15:19 +0000 UTC
blacktear23,10,critical,10.000000,https://github.com/pingcap/tidb/issues/21204,https://github.com/pingcap/tidb/pull/21124,2020-11-24 03:54:55 +0000 UTC
blacktear23,10,critical,10.000000,https://github.com/pingcap/tidb/issues/21123,https://github.com/pingcap/tidb/pull/21124,2020-11-24 03:54:55 +0000 UTC
blacktear23,10,major,3.000000,https://github.com/pingcap/tidb/issues/20975,https://github.com/pingcap/tidb/pull/20982,2020-11-19 02:58:46 +0000 UTC
blacktear23,10,moderate,1.000000,https://github.com/pingcap/tidb/issues/20979,https://github.com/pingcap/tidb/pull/21016,2020-11-18 11:27:53 +0000 UTC
blacktear23,10,critical,10.000000,https://github.com/pingcap/tidb/issues/21036,https://github.com/pingcap/tidb/pull/21088,2020-11-17 06:09:28 +0000 UTC
blacktear23,10,major,3.000000,https://github.com/pingcap/tidb/issues/20945,https://github.com/pingcap/tidb/pull/20948,2020-11-12 04:12:28 +0000 UTC
blacktear23,10,critical,10.000000,https://github.com/pingcap/tidb/issues/20741,https://github.com/pingcap/tidb/pull/20798,2020-11-11 13:20:54 +0000 UTC
ichn-hu,10,moderate,1.000000,https://github.com/pingcap/tidb/issues/13710,https://github.com/pingcap/tidb/pull/21903,2020-12-23 03:54:18 +0000 UTC
ichn-hu,10,major,3.000000,https://github.com/pingcap/tidb/issues/11883,https://github.com/pingcap/tidb/pull/21903,2020-12-23 03:54:18 +0000 UTC
ichn-hu,10,major,3.000000,https://github.com/pingcap/tidb/issues/9918,https://github.com/pingcap/tidb/pull/21469,2020-12-15 09:33:56 +0000 UTC
ichn-hu,10,major,3.000000,https://github.com/pingcap/tidb/issues/12201,https://github.com/pingcap/tidb/pull/21724,2020-12-15 08:06:55 +0000 UTC
ichn-hu,10,major,3.000000,https://github.com/pingcap/tidb/issues/12178,https://github.com/pingcap/tidb/pull/21592,2020-12-09 09:23:21 +0000 UTC
ichn-hu,10,major,3.000000,https://github.com/pingcap/tidb/issues/13004,https://github.com/pingcap/tidb/pull/21558,2020-12-09 03:38:48 +0000 UTC
ichn-hu,10,major,3.000000,https://github.com/pingcap/tidb/issues/17780,https://github.com/pingcap/tidb/pull/21409,2020-12-07 08:38:22 +0000 UTC
ichn-hu,10,critical,10.000000,https://github.com/pingcap/tidb/issues/20305,https://github.com/pingcap/tidb/pull/21099,2020-11-19 11:04:54 +0000 UTC
ichn-hu,10,major,3.000000,https://github.com/pingcap/tidb/issues/10392,https://github.com/pingcap/tidb/pull/20987,2020-11-24 10:06:17 +0000 UTC
ichn-hu,10,critical,10.000000,https://github.com/pingcap/tidb/issues/19667,https://github.com/pingcap/tidb/pull/20871,2020-11-06 03:40:02 +0000 UTC
Reminiscent,9,major,3.000000,https://github.com/pingcap/tidb/issues/17808,https://github.com/pingcap/tidb/pull/21497,2020-12-24 08:25:45 +0000 UTC
Reminiscent,9,critical,10.000000,https://github.com/pingcap/tidb/issues/21734,https://github.com/pingcap/tidb/pull/21812,2020-12-17 02:19:57 +0000 UTC
Reminiscent,9,critical,10.000000,https://github.com/pingcap/tidb/issues/21674,https://github.com/pingcap/tidb/pull/21699,2020-12-15 07:50:57 +0000 UTC
Reminiscent,9,major,3.000000,https://github.com/pingcap/tidb/issues/13551,https://github.com/pingcap/tidb/pull/21699,2020-12-15 07:50:57 +0000 UTC
Reminiscent,9,major,3.000000,https://github.com/pingcap/tidb/issues/19067,https://github.com/pingcap/tidb/pull/21173,2020-12-15 02:28:31 +0000 UTC
Reminiscent,9,major,3.000000,https://github.com/pingcap/tidb/issues/18884,https://github.com/pingcap/tidb/pull/21060,2020-12-14 09:41:26 +0000 UTC
Reminiscent,9,critical,10.000000,https://github.com/pingcap/tidb/issues/21414,https://github.com/pingcap/tidb/pull/21453,2020-12-08 02:54:25 +0000 UTC
Reminiscent,9,major,3.000000,https://github.com/pingcap/tidb/issues/11976,https://github.com/pingcap/tidb/pull/21080,2020-12-01 13:08:05 +0000 UTC
Reminiscent,9,critical,10.000000,https://github.com/pingcap/tidb/issues/21234,https://github.com/pingcap/tidb/pull/21251,2020-11-25 06:40:42 +0000 UTC
wshwsh12,9,moderate,1.000000,https://github.com/pingcap/tidb/issues/20833,https://github.com/pingcap/tidb/pull/21935,2020-12-23 07:49:30 +0000 UTC
wshwsh12,9,major,3.000000,https://github.com/pingcap/tidb/issues/16935,https://github.com/pingcap/tidb/pull/21920,2020-12-22 09:04:00 +0000 UTC
wshwsh12,9,major,3.000000,https://github.com/pingcap/tidb/issues/12233,https://github.com/tikv/tikv/pull/9286,2020-12-19 05:24:34 +0000 UTC
wshwsh12,9,major,3.000000,https://github.com/pingcap/tidb/issues/12206,https://github.com/pingcap/tidb/pull/21559,2020-12-17 07:16:58 +0000 UTC
wshwsh12,9,moderate,1.000000,https://github.com/pingcap/tidb/issues/21695,https://github.com/tikv/tikv/pull/9266,2020-12-15 08:03:55 +0000 UTC
wshwsh12,9,major,3.000000,https://github.com/pingcap/tidb/issues/12209,https://github.com/pingcap/tidb/pull/21690,2020-12-15 07:18:55 +0000 UTC
wshwsh12,9,major,3.000000,https://github.com/pingcap/tidb/issues/15847,https://github.com/pingcap/tidb/pull/21132,2020-12-14 09:02:56 +0000 UTC
wshwsh12,9,major,3.000000,https://github.com/pingcap/tidb/issues/12205,https://github.com/pingcap/tidb/pull/21555,2020-12-09 05:15:39 +0000 UTC
wshwsh12,9,major,3.000000,https://github.com/pingcap/tidb/issues/20891,https://github.com/pingcap/tidb/pull/20852,2020-11-09 02:50:08 +0000 UTC
crazycs520,7,minor,0.100000,https://github.com/pingcap/tidb/issues/21642,https://github.com/pingcap/tidb/pull/21937,2020-12-24 12:20:30 +0000 UTC
crazycs520,7,minor,0.100000,https://github.com/pingcap/tidb/issues/21437,https://github.com/pingcap/tidb/pull/21423,2020-12-11 13:32:24 +0000 UTC
crazycs520,7,minor,0.100000,https://github.com/pingcap/tidb/issues/21399,https://github.com/pingcap/tidb/pull/21398,2020-12-02 07:21:09 +0000 UTC
crazycs520,7,moderate,1.000000,https://github.com/pingcap/tidb/issues/21397,https://github.com/pingcap/tidb/pull/21398,2020-12-02 07:21:09 +0000 UTC
crazycs520,7,major,3.000000,https://github.com/pingcap/tidb/issues/21235,https://github.com/pingcap/tidb/pull/21242,2020-11-26 06:19:18 +0000 UTC
crazycs520,7,major,3.000000,https://github.com/pingcap/tidb/issues/21047,https://github.com/pingcap/tidb/pull/21052,2020-11-25 13:24:08 +0000 UTC
crazycs520,7,moderate,1.000000,https://github.com/pingcap/tidb/issues/20553,https://github.com/pingcap/tidb/pull/20713,2020-11-04 08:27:02 +0000 UTC
tangenta,6,major,3.000000,https://github.com/pingcap/tidb/issues/21607,https://github.com/pingcap/tidb/pull/21640,2020-12-14 08:25:18 +0000 UTC
tangenta,6,major,3.000000,https://github.com/pingcap/tidb/issues/21568,https://github.com/pingcap/tidb/pull/21575,2020-12-09 14:16:51 +0000 UTC
tangenta,6,major,3.000000,https://github.com/pingcap/tidb/issues/21502,https://github.com/pingcap/tidb/pull/21567,2020-12-08 13:59:49 +0000 UTC
tangenta,6,critical,10.000000,https://github.com/pingcap/tidb/issues/20629,https://github.com/pingcap/tidb/pull/20659,2020-11-09 08:37:13 +0000 UTC
tangenta,6,major,3.000000,https://github.com/pingcap/tidb/issues/21025,https://github.com/pingcap/tidb/pull/21026,2020-11-13 07:26:26 +0000 UTC
tangenta,6,major,3.000000,https://github.com/pingcap/tidb/issues/20727,https://github.com/pingcap/tidb/pull/20908,2020-11-11 10:47:24 +0000 UTC
xuyifangreeneyes,5,critical,10.000000,https://github.com/pingcap/tidb/issues/22032,https://github.com/pingcap/tidb/pull/22037,2020-12-29 08:26:01 +0000 UTC
xuyifangreeneyes,5,moderate,1.000000,https://github.com/pingcap/tidb/issues/17412,https://github.com/pingcap/tidb/pull/21962,2020-12-23 09:56:00 +0000 UTC
xuyifangreeneyes,5,major,3.000000,https://github.com/pingcap/tidb/issues/17153,https://github.com/pingcap/tidb/pull/21809,2020-12-22 06:07:55 +0000 UTC
xuyifangreeneyes,5,moderate,1.000000,https://github.com/pingcap/tidb/issues/18320,https://github.com/pingcap/tidb/pull/21838,2020-12-18 05:07:05 +0000 UTC
xuyifangreeneyes,5,major,3.000000,https://github.com/pingcap/tidb/issues/15492,https://github.com/pingcap/tidb/pull/21672,2020-12-11 09:53:22 +0000 UTC
zanmato1984,5,major,3.000000,https://github.com/pingcap/tidb/issues/19992,https://github.com/pingcap/tidb/pull/21806,2020-12-17 06:52:05 +0000 UTC
zanmato1984,5,major,3.000000,https://github.com/pingcap/tidb/issues/20003,https://github.com/pingcap/tidb/pull/21572,2020-12-09 08:45:23 +0000 UTC
zanmato1984,5,major,3.000000,https://github.com/pingcap/tidb/issues/20001,https://github.com/pingcap/tidb/pull/21534,2020-12-08 13:05:14 +0000 UTC
zanmato1984,5,major,3.000000,https://github.com/pingcap/tidb/issues/19999,https://github.com/pingcap/tidb/pull/21534,2020-12-08 13:05:14 +0000 UTC
zanmato1984,5,major,3.000000,https://github.com/pingcap/tidb/issues/19986,https://github.com/pingcap/tidb/pull/21534,2020-12-08 13:05:14 +0000 UTC
nullnotnil,4,moderate,1.000000,https://github.com/pingcap/tidb/issues/14349,https://github.com/pingcap/tidb/pull/20947,2020-12-15 08:44:55 +0000 UTC
nullnotnil,4,moderate,1.000000,https://github.com/pingcap/tidb/issues/17734,https://github.com/pingcap/tidb/pull/21120,2020-12-10 08:01:52 +0000 UTC
nullnotnil,4,moderate,1.000000,https://github.com/pingcap/tidb/issues/20880,https://github.com/pingcap/tidb/pull/20924,2020-12-10 07:18:22 +0000 UTC
nullnotnil,4,critical,10.000000,https://github.com/pingcap/tidb/issues/20730,https://github.com/pingcap/tidb/pull/20743,2020-11-19 08:47:34 +0000 UTC
bobotu,4,moderate,1.000000,https://github.com/pingcap/tidb/issues/20878,https://github.com/pingcap/tidb/pull/20920,2020-12-02 03:02:39 +0000 UTC
bobotu,4,critical,10.000000,https://github.com/pingcap/tidb/issues/19560,https://github.com/pingcap/tidb/pull/21015,2020-11-19 03:14:44 +0000 UTC
bobotu,4,major,3.000000,https://github.com/pingcap/tidb/issues/20597,https://github.com/pingcap/tidb/pull/20866,2020-11-11 05:11:40 +0000 UTC
bobotu,4,moderate,1.000000,https://github.com/pingcap/tidb/issues/13093,https://github.com/pingcap/tidb/pull/21241,2020-11-25 09:42:51 +0000 UTC
AilinKid,3,major,3.000000,https://github.com/pingcap/tidb/issues/21391,https://github.com/pingcap/tidb/pull/21412,2020-12-04 07:29:50 +0000 UTC
AilinKid,3,minor,0.100000,https://github.com/pingcap/tidb/issues/14636,https://github.com/pingcap/tidb/pull/21368,2020-12-04 02:55:14 +0000 UTC
AilinKid,3,major,3.000000,https://github.com/pingcap/tidb/issues/20529,https://github.com/pingcap/tidb/pull/20862,2020-11-11 07:22:38 +0000 UTC
sticnarf,3,major,3.000000,https://github.com/pingcap/tidb/issues/21339,https://github.com/pingcap/tidb/pull/21348,2020-11-30 07:00:00 +0000 UTC
sticnarf,3,major,3.000000,https://github.com/pingcap/tidb/issues/21274,https://github.com/pingcap/tidb/pull/21281,2020-11-26 09:54:02 +0000 UTC
sticnarf,3,major,3.000000,https://github.com/pingcap/tidb/issues/20976,https://github.com/pingcap/tidb/pull/20983,2020-11-19 09:02:54 +0000 UTC
RogerYK,3,major,3.000000,https://github.com/pingcap/tidb/issues/20509,https://github.com/pingcap/tidb/pull/21165,2020-12-04 03:31:19 +0000 UTC
RogerYK,3,major,3.000000,https://github.com/pingcap/tidb/issues/17652,https://github.com/pingcap/tidb/pull/21062,2020-11-24 03:33:25 +0000 UTC
RogerYK,3,major,3.000000,https://github.com/pingcap/tidb/issues/9869,https://github.com/pingcap/tidb/pull/21062,2020-11-24 03:33:25 +0000 UTC
jackysp,3,moderate,1.000000,https://github.com/pingcap/tidb/issues/21722,https://github.com/pingcap/tidb/pull/21837,2020-12-17 11:14:36 +0000 UTC
jackysp,3,critical,10.000000,https://github.com/pingcap/tidb/issues/21377,https://github.com/pingcap/tidb/pull/21378,2020-11-30 13:33:29 +0000 UTC
jackysp,3,moderate,1.000000,https://github.com/pingcap/tidb/issues/20896,https://github.com/pingcap/tidb/pull/20993,2020-11-12 05:54:24 +0000 UTC
SunRunAway,3,major,3.000000,https://github.com/pingcap/tidb/issues/19663,https://github.com/pingcap/tidb/pull/19669,2020-12-03 06:29:01 +0000 UTC
SunRunAway,3,moderate,1.000000,https://github.com/pingcap/tidb/issues/21156,https://github.com/pingcap/tidb/pull/21261,2020-11-25 13:39:24 +0000 UTC
SunRunAway,3,minor,0.100000,https://github.com/pingcap/tidb/issues/21256,https://github.com/pingcap/tidb/pull/21258,2020-11-25 09:55:35 +0000 UTC
erwadba,3,moderate,1.000000,https://github.com/pingcap/tidb/issues/16039,https://github.com/pingcap/tidb/pull/20929,2020-12-23 08:48:00 +0000 UTC
erwadba,3,major,3.000000,https://github.com/pingcap/tidb/issues/10447,https://github.com/pingcap/tidb/pull/21198,2020-12-08 06:37:50 +0000 UTC
erwadba,3,moderate,1.000000,https://github.com/pingcap/tidb/issues/18517,https://github.com/pingcap/tidb/pull/19341,2020-11-02 09:02:51 +0000 UTC
you06,3,critical,10.000000,https://github.com/pingcap/tidb/issues/21447,https://github.com/pingcap/tidb/pull/21529,2020-12-07 12:17:19 +0000 UTC
you06,3,major,3.000000,https://github.com/pingcap/tidb/issues/21218,https://github.com/pingcap/tidb/pull/21229,2020-12-03 13:28:49 +0000 UTC
you06,3,critical,10.000000,https://github.com/pingcap/tidb/issues/20535,https://github.com/pingcap/tidb/pull/19220,2020-10-29 04:08:27 +0000 UTC
winoros,3,major,3.000000,https://github.com/pingcap/tidb/issues/20874,https://github.com/pingcap/tidb/pull/21262,2020-11-25 12:10:21 +0000 UTC
winoros,3,critical,10.000000,https://github.com/pingcap/tidb/issues/21200,https://github.com/pingcap/tidb/pull/21202,2020-11-23 06:59:40 +0000 UTC
winoros,3,critical,10.000000,https://github.com/pingcap/tidb/issues/21232,https://github.com/pingcap/tidb/pull/21233,2020-11-24 09:00:54 +0000 UTC
ou-bing,3,moderate,1.000000,https://github.com/pingcap/tidb/issues/17726,https://github.com/pingcap/tidb/pull/21514,2020-12-21 09:51:31 +0000 UTC
ou-bing,3,major,3.000000,https://github.com/pingcap/tidb/issues/20139,https://github.com/pingcap/tidb/pull/21061,2020-12-08 08:32:32 +0000 UTC
ou-bing,3,moderate,1.000000,https://github.com/pingcap/tidb/issues/20207,https://github.com/pingcap/tidb/pull/20847,2020-11-06 08:24:41 +0000 UTC
xiaodong-ji,3,minor,0.100000,https://github.com/pingcap/tidb/issues/21314,https://github.com/pingcap/tidb/pull/21343,2020-12-04 12:29:49 +0000 UTC
xiaodong-ji,3,minor,0.100000,https://github.com/pingcap/tidb/issues/21344,https://github.com/pingcap/tidb/pull/21346,2020-11-30 05:38:30 +0000 UTC
xiaodong-ji,3,major,3.000000,https://github.com/pingcap/tidb/issues/19853,https://github.com/pingcap/tidb/pull/20418,2020-11-13 04:04:35 +0000 UTC
morgo,3,major,3.000000,https://github.com/pingcap/tidb/issues/15834,https://github.com/pingcap/tidb/pull/21776,2020-12-23 09:40:38 +0000 UTC
morgo,3,major,3.000000,https://github.com/pingcap/tidb/issues/10467,https://github.com/pingcap/tidb/pull/21656,2020-12-11 09:31:53 +0000 UTC
morgo,3,minor,0.100000,https://github.com/pingcap/tidb/issues/21619,https://github.com/pingcap/tidb/pull/21621,2020-12-12 13:45:13 +0000 UTC
qw4990,3,major,3.000000,https://github.com/pingcap/tidb/issues/22055,https://github.com/pingcap/tidb/pull/22100,2020-12-30 09:39:37 +0000 UTC
qw4990,3,major,3.000000,https://github.com/pingcap/tidb/issues/17868,https://github.com/pingcap/tidb/pull/20961,2020-11-26 07:20:51 +0000 UTC
qw4990,3,major,3.000000,https://github.com/pingcap/tidb/issues/20860,https://github.com/pingcap/tidb/pull/20940,2020-11-20 09:29:12 +0000 UTC
MyonKeminta,3,critical,10.000000,https://github.com/pingcap/tidb/issues/21151,https://github.com/pingcap/tidb/pull/21208,2020-11-24 09:39:55 +0000 UTC
MyonKeminta,3,major,3.000000,https://github.com/pingcap/tidb/issues/20733,https://github.com/pingcap/tidb/pull/20857,2020-11-09 05:22:31 +0000 UTC
MyonKeminta,3,critical,10.000000,https://github.com/pingcap/tidb/issues/20654,https://github.com/pingcap/tidb/pull/20808,2020-11-05 06:35:32 +0000 UTC
lysu,3,major,3.000000,https://github.com/pingcap/tidb/issues/21858,https://github.com/pingcap/tidb/pull/22085,2020-12-30 03:27:45 +0000 UTC
lysu,3,minor,0.100000,https://github.com/pingcap/tidb/issues/21894,https://github.com/pingcap/tidb/pull/21904,2020-12-23 09:19:30 +0000 UTC
lysu,3,major,3.000000,https://github.com/pingcap/tidb/issues/20104,https://github.com/pingcap/tidb/pull/20099,2020-11-09 03:42:33 +0000 UTC
b41sh,2,major,3.000000,https://github.com/pingcap/tidb/issues/20447,https://github.com/pingcap/tidb/pull/20458,2020-11-13 06:08:37 +0000 UTC
b41sh,2,major,3.000000,https://github.com/pingcap/tidb/issues/20315,https://github.com/pingcap/tidb/pull/20344,2020-11-02 04:01:09 +0000 UTC
pengdaqian2020,2,critical,10.000000,https://github.com/pingcap/tidb/issues/21172,https://github.com/pingcap/tidb/pull/21182,2020-11-24 05:05:55 +0000 UTC
pengdaqian2020,2,critical,10.000000,https://github.com/pingcap/tidb/issues/20136,https://github.com/pingcap/tidb/pull/21043,2020-11-16 04:07:29 +0000 UTC
Yisaer,2,critical,10.000000,https://github.com/pingcap/tidb/issues/21177,https://github.com/pingcap/tidb/pull/21168,2020-11-24 08:20:01 +0000 UTC
Yisaer,2,major,3.000000,https://github.com/pingcap/tidb/issues/20454,https://github.com/pingcap/tidb/pull/20697,2020-11-06 06:15:05 +0000 UTC
iosmanthus,2,major,3.000000,https://github.com/pingcap/tidb/issues/19534,https://github.com/pingcap/tidb/pull/21150,2020-12-22 06:58:33 +0000 UTC
iosmanthus,2,major,3.000000,https://github.com/pingcap/tidb/issues/9765,https://github.com/pingcap/tidb/pull/21150,2020-12-22 06:58:32 +0000 UTC
xuhui-lu,2,major,3.000000,https://github.com/pingcap/tidb/issues/21342,https://github.com/pingcap/tidb/pull/21789,2020-12-18 02:46:06 +0000 UTC
xuhui-lu,2,major,3.000000,https://github.com/pingcap/tidb/issues/1108,https://github.com/pingcap/tidb/pull/21324,2020-12-10 03:34:52 +0000 UTC
Win-Man,2,major,3.000000,https://github.com/pingcap/tidb/issues/11333,https://github.com/pingcap/tidb/pull/21691,2020-12-18 05:46:06 +0000 UTC
Win-Man,2,major,3.000000,https://github.com/pingcap/tidb/issues/11208,https://github.com/pingcap/tidb/pull/21058,2020-11-25 03:21:55 +0000 UTC
youjiali1995,2,major,3.000000,https://github.com/pingcap/tidb/issues/21658,https://github.com/tikv/tikv/pull/9319,2020-12-24 13:53:30 +0000 UTC
youjiali1995,2,minor,0.100000,https://github.com/pingcap/tidb/issues/15654,https://github.com/pingcap/tidb/pull/21017,2020-11-13 03:16:26 +0000 UTC
tiancaiamao,2,minor,0.100000,https://github.com/pingcap/tidb/issues/14911,https://github.com/pingcap/tidb/pull/21410,2020-12-02 08:33:46 +0000 UTC
tiancaiamao,2,moderate,1.000000,https://github.com/pingcap/tidb/issues/20097,https://github.com/pingcap/tidb/pull/21023,2020-11-17 02:21:27 +0000 UTC
xhebox,1,moderate,1.000000,https://github.com/pingcap/tidb/issues/20669,https://github.com/pingcap/tidb/pull/21910,2020-12-23 14:49:30 +0000 UTC
Patrick0308,1,major,3.000000,https://github.com/pingcap/tidb/issues/20692,https://github.com/pingcap/tidb/pull/20842,2020-11-09 09:06:49 +0000 UTC
ThySinner,1,moderate,1.000000,https://github.com/pingcap/tidb/issues/20460,https://github.com/pingcap/tidb/pull/21078,2020-12-15 07:02:26 +0000 UTC
fzhedu,1,major,3.000000,https://github.com/pingcap/tidb/issues/19354,https://github.com/pingcap/tidb/pull/19251,2020-11-03 05:24:41 +0000 UTC
kennytm,1,moderate,1.000000,https://github.com/pingcap/tidb/issues/21510,https://github.com/pingcap/tidb/pull/21511,2020-12-10 00:34:54 +0000 UTC
lance6716,1,minor,0.100000,https://github.com/pingcap/tidb/issues/19798,https://github.com/pingcap/tidb/pull/19815,2020-11-13 03:43:04 +0000 UTC
luxinle,1,moderate,1.000000,https://github.com/pingcap/tidb/issues/17253,https://github.com/pingcap/tidb/pull/21805,2020-12-23 08:18:30 +0000 UTC
LENSHOOD,1,unkown,0.000000,https://github.com/pingcap/tidb/issues/19507,https://github.com/pingcap/tidb/pull/20287,2020-11-10 09:51:12 +0000 UTC
blueseason,1,major,3.000000,https://github.com/pingcap/tidb/issues/11755,https://github.com/pingcap/tidb/pull/20747,2020-12-11 06:55:23 +0000 UTC
yufan022,1,major,3.000000,https://github.com/pingcap/tidb/issues/19126,https://github.com/pingcap/tidb/pull/21166,2020-12-17 11:44:34 +0000 UTC
elvizlai,1,major,3.000000,https://github.com/pingcap/tidb/issues/20161,https://github.com/pingcap/tidb/pull/20164,2020-12-14 07:40:18 +0000 UTC
JinLingChristopher,1,critical,10.000000,https://github.com/pingcap/tidb/issues/20121,https://github.com/pingcap/tidb/pull/20233,2020-12-18 09:19:31 +0000 UTC
pingyu,1,unkown,0.000000,https://github.com/pingcap/tidb/issues/21986,https://github.com/pingcap/tidb/pull/21987,2020-12-24 03:02:04 +0000 UTC
9547,1,critical,10.000000,https://github.com/pingcap/tidb/issues/19892,https://github.com/pingcap/tidb/pull/20206,2020-11-24 04:46:52 +0000 UTC
sylzd,1,moderate,1.000000,https://github.com/pingcap/tidb/issues/21551,https://github.com/pingcap/tidb/pull/21552,2020-12-09 06:44:35 +0000 UTC
StoneDotYang,1,major,3.000000,https://github.com/pingcap/tidb/issues/21451,https://github.com/pingcap/tidb/pull/21566,2020-12-21 09:07:02 +0000 UTC
3pointer,1,minor,0.100000,https://github.com/pingcap/tidb/issues/21827,https://github.com/pingcap/tidb-lightning/pull/530,2020-12-23 11:42:30 +0000 UTC
Aaaaaaron,1,minor,0.100000,https://github.com/pingcap/tidb/issues/20963,https://github.com/pingcap/tidb/pull/20964,2020-11-12 03:42:58 +0000 UTC
rleungx,1,moderate,1.000000,https://github.com/pingcap/tidb/issues/21260,https://github.com/pingcap/tidb/pull/21278,2020-11-26 07:49:52 +0000 UTC
watchpoints,1,moderate,1.000000,https://github.com/pingcap/tidb/issues/18149,https://github.com/pingcap/tidb/pull/20617,2020-11-03 04:52:45 +0000 UTC
JmPotato,1,major,3.000000,https://github.com/pingcap/tidb/issues/21978,https://github.com/pingcap/tidb/pull/21979,2020-12-24 02:10:59 +0000 UTC
gauss1314,1,moderate,1.000000,https://github.com/pingcap/tidb/issues/15346,https://github.com/pingcap/tidb/pull/15416,2020-12-23 08:04:30 +0000 UTC
windtalker,1,critical,10.000000,https://github.com/pingcap/tidb/issues/21659,https://github.com/pingcap/tidb/pull/21663,2020-12-15 03:42:56 +0000 UTC
LittleFall,1,moderate,1.000000,https://github.com/pingcap/tidb/issues/21804,https://github.com/pingcap/tidb/pull/21849,2020-12-23 04:59:49 +0000 UTC
time-and-fate,1,major,3.000000,https://github.com/pingcap/tidb/issues/19836,https://github.com/pingcap/tidb/pull/21214,2020-11-24 08:05:49 +0000 UTC
tangwz,1,major,3.000000,https://github.com/pingcap/tidb/issues/18977,https://github.com/pingcap/tidb/pull/20459,2020-11-04 09:41:03 +0000 UTC
mashenjun,1,minor,0.100000,https://github.com/pingcap/tidb/issues/22040,https://github.com/pingcap/tidb/pull/22044,2020-12-30 11:59:14 +0000 UTC
name1e5s,1,moderate,1.000000,https://github.com/pingcap/tidb/issues/18675,https://github.com/pingcap/tidb/pull/21687,2020-12-22 02:35:10 +0000 UTC
zhaoxugang,1,major,3.000000,https://github.com/pingcap/tidb/issues/20128,https://github.com/pingcap/tidb/pull/21338,2020-12-25 08:50:12 +0000 UTC
jackwener,1,major,3.000000,https://github.com/pingcap/tidb/issues/21455,https://github.com/pingcap/tidb/pull/21513,2020-12-14 02:59:53 +0000 UTC
francis0407,1,major,3.000000,https://github.com/pingcap/tidb/issues/20368,https://github.com/pingcap/tidb/pull/20398,2020-11-12 02:44:24 +0000 UTC
